{
    "legacy_addon_id": "Snog_TvThreads",
    "title": "[OzzModz] TMDb TV Thread Starter",
    "description": "Creates threads for TV shows using The Movie Database for show information",
    "version_id": 2011600,
    "version_string": "2.1.16",
    "dev": "Ozzy47/Snog",
    "dev_url": "https://snogssite.com",
    "faq_url": "",
    "support_url": "https://snogssite.com/threads/tmdb-tv-thread-starter-for-xenforo-paid.2370/",
    "extra_urls": {
        
    },
    "require": {
        "XF": [
            2010031,
            "XenForo 2.1.0 Beta 1+"
        ]
    },
    "icon": "fa-tv"
}