{
    "src/addons/Snog/TV/addon.json": "c6faf7fc6559d89c833228adf449c759bd30c52215e36f6c0c108b09ad375b86",
    "src/addons/Snog/TV/Admin/Validation.php": "2121597a46135ed49ecb0061f547a6f2d024596d40a2fcfb961655c0bff9062a",
    "src/addons/Snog/TV/Callbacks/TVShow.php": "699603349017f0e5813d84c35b410f42f9fc02fdcf18993cd363065333ec81e5",
    "src/addons/Snog/TV/Cron/EpisodeUpdate.php": "6e58a1347764fbd82eda85be8433133d8c1c96fca0a6541756d1a20b8abcaa5a",
    "src/addons/Snog/TV/Cron/ReplaceAll.php": "a1e88ccd15e2ca243688c60be9325ef35182e0d776c8050f677f81cf4ffbd079",
    "src/addons/Snog/TV/defaultdata/EpisodePosters/index.html": "36a9e7f1c95b82ffb99743e0c5c4ce95d83c9a430aac59f84ef3cbfab6145068",
    "src/addons/Snog/TV/defaultdata/EpisodePosters/no-poster.png": "9dad54ba10de8abbb8e56208c255ec2d6f1c3082744197a72cb900597c5916ee",
    "src/addons/Snog/TV/defaultdata/ForumPosters/index.html": "36a9e7f1c95b82ffb99743e0c5c4ce95d83c9a430aac59f84ef3cbfab6145068",
    "src/addons/Snog/TV/defaultdata/ForumPosters/no-poster.png": "9040eb8e7908d6e035a78c489ca3ada7abfa09f3249ceeba552bec66a3d5604e",
    "src/addons/Snog/TV/defaultdata/index.html": "36a9e7f1c95b82ffb99743e0c5c4ce95d83c9a430aac59f84ef3cbfab6145068",
    "src/addons/Snog/TV/defaultdata/LargePosters/index.html": "36a9e7f1c95b82ffb99743e0c5c4ce95d83c9a430aac59f84ef3cbfab6145068",
    "src/addons/Snog/TV/defaultdata/LargePosters/no-poster.png": "88ab3ad486f670336910372744297b340bcf6f43278949e6559c6510ec49f0a4",
    "src/addons/Snog/TV/defaultdata/SeasonPosters/index.html": "36a9e7f1c95b82ffb99743e0c5c4ce95d83c9a430aac59f84ef3cbfab6145068",
    "src/addons/Snog/TV/defaultdata/SeasonPosters/no-poster.png": "9040eb8e7908d6e035a78c489ca3ada7abfa09f3249ceeba552bec66a3d5604e",
    "src/addons/Snog/TV/defaultdata/SmallPosters/index.html": "36a9e7f1c95b82ffb99743e0c5c4ce95d83c9a430aac59f84ef3cbfab6145068",
    "src/addons/Snog/TV/defaultdata/SmallPosters/no-poster.png": "9040eb8e7908d6e035a78c489ca3ada7abfa09f3249ceeba552bec66a3d5604e",
    "src/addons/Snog/TV/Entity/Node.php": "bb006d028261b24b1596985441b1ca57efa2c47853640a4d44463ccf1160c794",
    "src/addons/Snog/TV/Entity/Rating.php": "93e58ed10e0bcaf440a916bf52c07705ec15ec14a0de98ede278b6702a5d9ad5",
    "src/addons/Snog/TV/Entity/RatingNode.php": "dd05412bb86935ebaea0774e2b303625a02bb76787c8bb7a56a246d839156e79",
    "src/addons/Snog/TV/Entity/TV.php": "59442e8ddc2b8933254a6c1dafd79b83a700f3ff286e26c73b8fc80136fa8896",
    "src/addons/Snog/TV/Entity/TVForum.php": "492bc7937a53d82e526f206627b375cf81d3368e39c78ce42f933edd5fac28b3",
    "src/addons/Snog/TV/Entity/TVPost.php": "6b6a93f5f90d31f5b588eb44eb86a5b5a92267a89b3c6d458d553a002712ce34",
    "src/addons/Snog/TV/Option/Category.php": "68034c17e9116f1c9a0e4e97f0d29af6817edd25ee1bd6ee2f1ee626b858c0b4",
    "src/addons/Snog/TV/Option/Forum.php": "05ac99f7e26cd996fdba66de2ee6057cd1b92384226c8984ffa75d968fd8b70c",
    "src/addons/Snog/TV/Option/Language.php": "d37f23a4b8ff8045f559ccb208d6c8499e06a9a71ca2384747ebb6383a4e2899",
    "src/addons/Snog/TV/Option/Thread.php": "b38def64cf04362ed484df84867930a59d81e503db9294fb123a74e7964c1782",
    "src/addons/Snog/TV/Option/UserGroup.php": "b3eca6102fbe48585691e31419ae30357bd120510ecdaf990744e6a5069b27fc",
    "src/addons/Snog/TV/Pub/Controller/TV.php": "d31a6fdd760157c63aded8d795317c84dc84f416a2a8ae1f73986f7a995b455f",
    "src/addons/Snog/TV/Repository/Node.php": "13ef5067e900fe1b482e5323fa75e9ac98f5a57d9634a8bef6bc5d1b14306efb",
    "src/addons/Snog/TV/Setup.php": "4c94cbf03dc917cd3be878c9a42053fa7cb0cba1135432c9c79601be794dd2f4",
    "src/addons/Snog/TV/Util/Tmdb.php": "fd6990d4cb56f4a195c582a957acaa3b4103da3c24bf0bdd0b739549de741d20",
    "src/addons/Snog/TV/Util/TmdbApi.php": "0caf7942104ad6375a56e872eebfe46b5a836e465435e9f9e6c38d601f36334c",
    "src/addons/Snog/TV/XF/Admin/Controller/Forum.php": "8515c1320693f05b81b03a46ba73890b2abe9dd564486cce8370c61546b7a8ae",
    "src/addons/Snog/TV/XF/Criteria/User.php": "41ce97dba636eff061d293ae57407795f1992a26fb3768a5528ac1925f4aaa72",
    "src/addons/Snog/TV/XF/Entity/Forum.php": "1e047690089c9f680c1fbaf113b55bc7a4822dafca892c32898f1957439f4ce5",
    "src/addons/Snog/TV/XF/Entity/Node.php": "c40ee7dfbd121b35eaecb8cb4929966aa6481b12e95a24767960a572f6d8d94a",
    "src/addons/Snog/TV/XF/Entity/Option.php": "a75f4f9c1f7aba8cba4f39f8c070bf256a44a0e425b482ab1f28ab7f76297c64",
    "src/addons/Snog/TV/XF/Entity/Post.php": "8cd74ff1e69edbb378abcfc752d979744e39024fddd0177595ce3559a0e97edb",
    "src/addons/Snog/TV/XF/Entity/Thread.php": "5589d48ce44302f762776eaf3ac1c5a217a4dc10256609f66a00448fde2fbc2f",
    "src/addons/Snog/TV/XF/Pub/Controller/Forum.php": "e6e0e4a760c428c427e9e7c602c3723caa92183cb07dba21852efdcb8b1d02b9",
    "src/addons/Snog/TV/XF/Pub/Controller/Thread.php": "00e1f5bc8122002fd60a7633330b79f7e3561501fed0e383d4ca9b6957caebdb",
    "src/addons/Snog/TV/XF/Repository/Post.php": "64f84dc6ad5fa196df3941258e3f7aefb86c5b2ff039fb8784138c3e1734f820",
    "src/addons/Snog/TV/XF/Repository/Thread.php": "db732508b0204517444d92f5372b7e447d438599a8ddf9a5a3a76478e6131e25",
    "src/addons/Snog/TV/XF/Service/Post/Deleter.php": "6ae3354e57487cd1b7e2fc8622ea3c07b8116130e9a50d9b807587c1535ecaf7",
    "src/addons/Snog/TV/XF/Service/Thread/Deleter.php": "597a32e6b7755f01f9744c0d0cb0b5c24a98a419018410df78290b75ea83cb42",
    "src/addons/Snog/TV/_data/activity_summary_definitions.xml": "99d8c2563a31320d66f958fc8bda78613545f5f7959bb3cf5318805e3a3c39d2",
    "src/addons/Snog/TV/_data/admin_navigation.xml": "064ec797484ac00d5ee37367b50b06846d11f480d00550997712707f8fdac8c0",
    "src/addons/Snog/TV/_data/admin_permission.xml": "ec6fb97cebf0bceb24f1ed1d5778c1db54eeb7535fbb3e31d824840e7aa9ff87",
    "src/addons/Snog/TV/_data/advertising_positions.xml": "d2f7cbe844bb1df3cf878d22ff6306249245c8ff6b0b87b9b729744bec538261",
    "src/addons/Snog/TV/_data/api_scopes.xml": "6793eaf758f140e8137187ba20e65f4faccf53410433ae3ad7a8b3b38cb6b3b7",
    "src/addons/Snog/TV/_data/bb_codes.xml": "faa4ddd5f4a365e5ac39aebdcbe2d25aedf74e7eb9ea4a812766e2fd5e13bdb1",
    "src/addons/Snog/TV/_data/bb_code_media_sites.xml": "29762987990187b33e43cfb68c08dc917b2d3f0176613d78f8e6c453f82da3f3",
    "src/addons/Snog/TV/_data/class_extensions.xml": "43c1edea1662600a033eb08e745cf7e005108213b73dd8cbd70ee0e0adcbe6ef",
    "src/addons/Snog/TV/_data/code_events.xml": "8370dec3df47f91df4cf79da253446ad11b29f4ea568fe76c774e97a0379f0eb",
    "src/addons/Snog/TV/_data/code_event_listeners.xml": "d6b5072f4909dee7a20ee9e44b163f95c8aa52e6ac7f573e292000cd9238c331",
    "src/addons/Snog/TV/_data/content_type_fields.xml": "c7ad5472b28f465b7ac7617627707eba1b7a39d28089460d52e1ed292fc0b06a",
    "src/addons/Snog/TV/_data/cron.xml": "5b99cdacc4c109e7d0c92bb7afc82039ec24e37aa961b9ef935e2178ffee8233",
    "src/addons/Snog/TV/_data/help_pages.xml": "a8a0c0b06cdc550438bc8a8d385af3e1e5ab3459877dfb934c1c31be59c89163",
    "src/addons/Snog/TV/_data/member_stats.xml": "89fb2b93ff1eca7a1f6f752248edf6090dfd24037db1446fd18ff7143f08124d",
    "src/addons/Snog/TV/_data/mjc_event_definitions.xml": "b83182307cd408c22a7cb78315af16f996bd63af5d82b59a40f48be875e74da4",
    "src/addons/Snog/TV/_data/navigation.xml": "f75e1c03a45a360bbdfcd0567121665082315068475d5b0feb8b1acbb1688651",
    "src/addons/Snog/TV/_data/options.xml": "5540a1751e614247d9c165ab7ce4aa3df260206006f88443160d590e6584d741",
    "src/addons/Snog/TV/_data/option_groups.xml": "6bfa4c1ad352850e9725f8436d3a783fffb2d606f7eb023101d139df58db053d",
    "src/addons/Snog/TV/_data/permissions.xml": "02f4dab437c1fff2e851f527e389178cb5ba33fe70e7c8ec8e1e80c5808cbd8f",
    "src/addons/Snog/TV/_data/permission_interface_groups.xml": "ab7123350ebc5dece751ea081f2493644855e96378fa71240f93188633d50284",
    "src/addons/Snog/TV/_data/phrases.xml": "6a481c08c1c212e355fb97c5912771eee0870f12294fd414ce733290701a0f5e",
    "src/addons/Snog/TV/_data/rebuilds.xml": "9e63a580cce5c65864be60b75fed296416fc4084e4cde1039429c544f3630ba0",
    "src/addons/Snog/TV/_data/routes.xml": "130e02d020e93485b42dc1192d9bed5fe68af559019ecad68f1bfed2b030a718",
    "src/addons/Snog/TV/_data/style_properties.xml": "8b8690a8512f01f219dd2da76e3d0c5f62afc1f317b87794a7331c859c36a7a8",
    "src/addons/Snog/TV/_data/style_property_groups.xml": "68e1879cb3846c42d978487aa8d5145ff3335fc39e58016878824d5cf3fd684c",
    "src/addons/Snog/TV/_data/templates.xml": "e493a388d1588c67af14ba8f5fcd7caa369b801b2b15f257eb2d8a4f21f01983",
    "src/addons/Snog/TV/_data/template_modifications.xml": "38fc5b0d5ae049820634673a0e38b734d60ba44ecbb28976fbb60e37dceb53a6",
    "src/addons/Snog/TV/_data/widget_definitions.xml": "37e46965256430f24004c2e7f08ba08f9b0d1cbcc4d70e84b3f4e3ffb713e64b",
    "src/addons/Snog/TV/_data/widget_positions.xml": "a29cee66134f6bc5d75ed9df1eef21096c24401915c5b5c774389c3d7bb2d5b3"
}